일련번호,ISBN,저자
1,9791188850280,김보윤
2,9791188850426,미하엘 하르트만
3,9791162540695,이요셉
4,9791188850440,정민지
5,9791188850501,김선덕
6,9791162540572,리처드 쇼튼
7,9791188850549,모리 다쿠로
8,9791188850266,안정현'마음달)
9,9791186805398,앤절라 더크워스
10,9791188850365,노지양
11,9791188850341,오카다 다카시
12,9791162540732,로렌스 번스
13,9791188850402,이유미
14,9791162540640,제임스 클리어
15,9791162540558,미리암 프리스
16,9791188850303,브레네 브라운
17,9791188850471,스튜디오 드래곤
18,9791162540770,시로타 마코토
19,9791188850327,하세가와 요시야
20,9791162540619,김민태
21,9791188850389,도모다 아케미
22,9791162540756,장대은
23,9791162540466,하워드 막스'Howard Marks)
24,9791162540480,이강연
25,9791162540596,제러미 하이먼즈
26,9791188850518,김선덕
27,9791162540503,박영숙
28,9791162540527,오노코로 신페이
29,9791162540671,유근용
30,9791162540718,후루카와 다케시
31,9791162540732,크리스토퍼 슐건
32,9791162540503,제롬 글렌
33,9791162540596,헨리 팀스
34,9791162540695,김채송화
